{
  "leftTable": {
    "id": "left",
    "title": "Ведомость стоек",
    "columns": ["Поз.", "Название", "Кол-во"],
    "rows": [
      ["1", "Стойка Ст-2.0кл", "1"],
      ["2", "Стойка Ст-3.0", "54"],
      ["3", "Стойка Ст-3.0к", "1"],
      ["4", "Стойка Ст-3.2", "27"],
      ["5", "Стойка Ст-3.25", "38"],
      ["6", "Стойка Ст-3.3", "1"]
    ]
  },

  "rightTables": [
    {
      "id": "r0",
      "title": "Стойка Ст-2.0кл",
      "columns": ["Поз.", "Обозначение", "Название", "Кол-во", "Масса ед., кг", "Прим."],
      "rows": [
        ["1", "ГОСТ 35087-2024", "Двутавр 15ДК1", "1", "45.34", ""],
        ["2", "ГОСТ 19903-2015", "Лист 30×240×590", "1", "33.35", ""]
      ]
    },
    {
      "id": "r1",
      "title": "Стойка Ст-3.0",
      "columns": ["Поз.", "Обозначение", "Название", "Кол-во", "Масса ед., кг", "Прим."],
      "rows": [
        ["1", "ГОСТ 19903-2015", "Пластина 8×80×200", "2", "0.67", ""]
      ]
    },
    {
      "id": "r2",
      "title": "Стойка Ст-3.0",
      "columns": ["Поз.", "Обозначение", "Название", "Кол-во", "Масса ед., кг", "Прим."],
      "rows": [
        ["1", "ГОСТ 19903-2015", "Пластина 8×80×200", "2", "0.67", ""]
      ]
    },
    {
      "id": "r3",
      "title": "Стойка Ст-3.0",
      "columns": ["Поз.", "Обозначение", "Название", "Кол-во", "Масса ед., кг", "Прим."],
      "rows": [
        ["1", "ГОСТ 19903-2015", "Пластина 8×80×200", "2", "0.67", ""]
      ]
    },
    {
      "id": "r4",
      "title": "Стойка Ст-3.0",
      "columns": ["Поз.", "Обозначение", "Название", "Кол-во", "Масса ед., кг", "Прим."],
      "rows": [
        ["1", "ГОСТ 19903-2015", "Пластина 8×80×200", "2", "0.67", ""]
      ]
    },
    {
      "id": "r5",
      "title": "Стойка Ст-3.0",
      "columns": ["Поз.", "Обозначение", "Название", "Кол-во", "Масса ед., кг", "Прим."],
      "rows": [
        ["1", "ГОСТ 19903-2015", "Пластина 8×80×200", "2", "0.67", ""]
      ]
    },
    {
      "id": "r6",
      "title": "Стойка Ст-3.0",
      "columns": ["Поз.", "Обозначение", "Название", "Кол-во", "Масса ед., кг", "Прим."],
      "rows": [
        ["1", "ГОСТ 19903-2015", "Пластина 8×80×200", "2", "0.67", ""]
      ]
    }
  ]
}
